修道故事,A,賢慧,凡夫的修行,0,0,凡夫的修行 Total,101,,,A1,7,18,,,A賢慧A1101-7
修道故事,A,賢慧,雙月樓讀經記,0,0,雙月樓讀經記 Total,102,,,A1,11,44,,,A賢慧A1102-11
修道故事,A,賢慧,四海鐸聲,0,0,四海鐸聲 Total,103,,,A1,8,42,,,A賢慧A1103-8
修道故事,A,賢慧,智慧的燈塔,0,0,智慧的燈塔 Total,104,,,A1,3,1,,,A賢慧A1104-3
修道故事,A,賢慧,永生的許諾,0,0,永生的許諾 Total,105,,,A1,5,4,,,A賢慧A1105-5
修道故事,A,賢慧,生命豈只是三言兩語,0,0,生命豈只是三言兩語 Total,106,,,A1,1,0,,,A賢慧A1106-1
因果,B,賢慧,因果冤欠顯化實錄（泰國）,0,0,因果冤欠顯化實錄（泰國） Total,107,,,A1,2,2,,,B賢慧A1107-2
因果,B,賢慧,地獄遊記,0,0,地獄遊記 Total,108,,,A1,5,117,,,B賢慧A1108-5
因果,B,賢慧,天佛院遊記,0,0,天佛院遊記 Total,109,,,A1,4,27,,,B賢慧A1109-4
因果,B,賢慧,末日誥劫慘狀及證言,0,0,末日浩劫慘狀及證言 Total,110,,,A1,8,89,,,B賢慧A1110-8
求道書,C,賢慧,了凡四訓語譯,0,0,了凡四訓語譯 Total,111,,,A1,5,0,,,C賢慧A1111-5
求道書,C,賢慧,如何創造幸福人生,0,0,如何創造幸福人生 Total,112,,,A1,3,0,,,C賢慧A1112-3
求道書,C,賢慧,人生何處去,0,0,人生何處去 Total,113,,,A1,1,0,,,C賢慧A1113-1
經典,E,賢慧,太上感應篇,0,0,太上感應篇 Total,114,,,A1,9,33,,,E賢慧A1114-9
經典,E,賢慧,父母恩重難報經,0,0,父母恩重難報經 Total,115,,,A1,10,16,,,E賢慧A1115-10
經典,E,賢慧,論語選讀小註 天恩堂 (夢湖編述),0,0,論語選讀小註 天恩堂 (夢湖編述) Total,116,,,A1,8,5,,,E賢慧A1116-8
仙佛聖訓/慈訓,G,賢慧,一條金線，十條大愿,0,0,一條金線，十條大愿 Total,117,,,A1,3,6,,,G賢慧A1117-3
仙佛聖訓/慈訓,G,賢慧,雨霖雜記,0,0,雨霖雜記 Total,118,,,A1,7,26,,,G賢慧A1118-7
仙佛聖訓/慈訓,G,賢慧,雨霖雜記 (乙亥年重印),0,0,雨霖雜記 (乙亥年重印) Total,119,,,A1,3,0,,,G賢慧A1119-3
雜誌週刊,I,賢慧,善德--白水老人成道十週年紀念,0,0,善德--白水老人成道十週年紀念 Total,120,,,A1,5,99,,,I賢慧A1120-5
課題,J,賢慧,天道真理講義,0,0,天道真理講義 Total,121,,,A1,2,2,,,J賢慧A1121-2
課題,J,賢慧,學庸淺言新註,0,0,學庸淺言新註 Total,122,,,A1,5,10,,,J賢慧A1122-5
課題,J,賢慧,承上啟下任重道遠,0,0,承上啟下任重道遠 Total,123,,,A1,5,131,,,J賢慧A1123-5
課題,J,賢慧,返鄉覺路,0,0,返鄉覺路 Total,124,,,A1,6,0,,,J賢慧A1124-6
課題,J,賢慧,還鄉覺路,0,0,還鄉覺路 Total,125,,,A1,7,79,,,J賢慧A1125-7
道學常識,M,賢慧,修道入門指引,0,中,修道入門指引 (中) Total,126,,中,A1,2,10,,,M賢慧A1126中-2
道學常識,M,賢慧,認理歸真,0,0,認理歸真 Total,127,,,A1,1,111,,,M賢慧A1127-10
道學常識,M,賢慧,認理歸真 (天道講釋),0,中日,認理歸真 (天道講釋) Total,128,,中日,A1,4,10,,,M賢慧A1128中日-4
道學常識,M,賢慧,道義淺釋,0,0,道義淺釋 Total,129,,,A1,5,400,,,M賢慧A1129-5
道學常識,M,賢慧,道義疑問解答,0,0,道義疑問解答 Total,130,,,A1,5,57,,,M賢慧A1130-10
講師良伴,N,賢慧,十條大愿,0,0,十條大愿 Total,131,,,A1,5,52,,,N賢慧A1131-5
道史道統,O,賢慧,聖經與天道,0,0,聖經與天道 Total,132,,,A1,4,6,,,O賢慧A1132-4
雜類,Q,賢慧,飛越生命的恒河,0,0,飛越生命的恒河 Total,133,,,A1,6,29,,,Q賢慧A1133-6
雜類,Q,賢慧,孝順就是渡他求道,0,0,孝順就是渡他求道 Total,134,,,A1,5,0,,,Q賢慧A1134-5
修道故事,A,賢慧,新七真史傳,0,0,新七真史傳Total,135,,,A2,12,22,,,A賢慧A2135-12
修道故事,A,賢慧,北海老人談真錄探義,0,0,北海老人談真錄探義 Total,136,,,A2,2,10,,,A賢慧A2136-2
修道故事,A,賢慧,莊子隨筆,0,0,莊子隨筆 Total,137,,,A2,2,8,,,A賢慧A2137-2
因果,B,賢慧,輪迴果報 善惡昭彰 ,0,0,輪迴果報 善惡昭彰 Total,138,,,A2,4,20,,,B賢慧A2138-4
因果,B,賢慧,如何救贖墮胎罪業,0,0,如何救贖墮胎罪業 Total,139,,,A2,7,26,,,B賢慧A2139-7
因果,B,賢慧,如何救贖墮胎罪業 (和裕出版),0,0,如何救贖墮胎罪業 (和裕出版) Total,140,,,A2,5,0,,,B賢慧A2140-5
因果,B,賢慧,模里西斯顯化實錄,0,0,輪模里西斯顯化實錄 Total,141,,,A2,1,0,,,B賢慧A2141-1
求道書,C,賢慧,Introduction At Dao  先天大道簡介,0,中英,Introduction At Dao  先天大道簡介 (中英) Total,142,,中英,A2,1,0,,,C賢慧A2142中英-1
求道書,C,賢慧,了凡四訓,0,中,了凡四訓 (中) Total,143,,中,A2,1,17,,,C賢慧A2143中-1
結緣訓,D,賢慧,朱元璋，朱棣因果實錄，靈游衣索比亞傳真錄,0,0,朱元璋，朱棣因果實錄，靈游衣索比亞傳真錄 Total,144,,,A2,4,15,,,D賢慧A2144-4
經典,E,賢慧,三字經,0,0,三字經 Total,145,,,A2,1,134,,,E賢慧A2145-1
經典,E,賢慧,太上感應篇  Thai-Thuong Cam Ung Thien,0,越,太上感應篇  Thai-Thuong Cam Ung Thien (越) Total,146,,越,A2,1,5,,,E賢慧A2146越-1
經典,E,賢慧,清靜經白話解說,0,0,清靜經白話解說 Total,147,,,A2,5,385,,,E賢慧A2147-5
經典,E,賢慧,城隍感應消收集福妙經,0,0,城隍感應消收集福妙經 Total,148,,,A2,1,0,,,E賢慧A2148-1
仙佛聖訓/慈訓,G,賢慧,一條金線,0,0,一條金線 Total,149,,,A2,3,70,,,G賢慧A2149-3
仙佛聖訓/慈訓,G,賢慧,皇中聖訓乙酉年,0,0,皇中聖訓乙酉年 Total,150,,,A2,11,1,,,G賢慧A2150-11
仙佛聖訓/慈訓,G,賢慧,訓子還原-皇中心聲,0,0,訓子還原-皇中心聲 Total,151,,,A2,1,0,,,G賢慧A2151-1
仙佛聖訓/慈訓,G,賢慧,五恩妙訓彙錄,0,0,五恩妙訓彙錄 Total,152,,,A2,12,0,,,G賢慧A2152-12
仙佛聖訓/慈訓,G,賢慧,俢辦規箴,0,0,俢辦規箴 Total,153,,,A2,11,0,,,G賢慧A2153-11
素食,H,賢慧,瓜果荀真好吃,0,0,瓜果荀真好吃 Total,154,,,A2,4,18,,,H賢慧A2154-4
素食,H,賢慧,菇最好吃,0,0,菇最好吃 Total,155,,,A2,4,18,,,H賢慧A2155-4
素食,H,賢慧,生機飲食對癥調養,0,0,生機飲食對癥調養 Total,156,,,A2,1,0,,,H賢慧A2156-1
素食,H,賢慧,素食生食與健康,0,0,素食生食與健康 Total,157,,,A2,1,0,,,H賢慧A2157-1
雜誌週刊,I,賢慧,正本重刊--佛曰七有,0,0,正本重刊--佛曰七有 Total,158,,,A2,5,25,,,I賢慧A2158-5
雜誌週刊,I,賢慧,福山榮園集刊,0,0,福山榮園集刊 Total,159,,,A2,1,0,,,I賢慧A2159-1
課題,J,賢慧,摩訶般若波羅密多心經,0,0,摩訶般若波羅密多心經 Total,160,,,A2,13,523,,,J賢慧A2160-13
課題,J,賢慧,禮儀規範 (淺黃色),0,0,禮儀規範 (淺黃色) Total,161,,,A2,2,7,,,J賢慧A2161-2
課題,J,賢慧,道理淺言,0,0,道理淺言 Total,162,,,A2,3,3,,,J賢慧A2162-3
道學常識,M,賢慧,求一條康莊大道,0,0,求一條康莊大道 Total,163,,,A2,2,10,,,M賢慧A2163-2
道學常識,M,賢慧,求道真正好,0,0,求道真正好 Total,164,,,A2,4,0,,,M賢慧A2164-4
講師良伴,N,賢慧,走過修道關卡,0,0,走過修道關卡 Total,165,,,A2,5,10,,,N賢慧A2165-5
道史道統,O,賢慧,三教探原講述,0,0,三教探原講述 Total,166,,,A2,2,6,,,O賢慧A2166-2
道德,P,賢慧,與青少談孔子,0,0,與青少談孔子 Total,167,,,A2,1,0,,,P賢慧A2167-1
道德,P,賢慧,與青少談孟子,0,0,與青少談孟子 Total,168,,,A2,1,0,,,P賢慧A2168-1
雜類,Q,賢慧,率真進修錄,0,0,率真進修錄 Total,169,,,A2,1,273,,,Q賢慧A2169-1
雜類,Q,賢慧,生命的智慧,一,0,生命的智慧 (一) Total,170,一,,A2,5,34,,,Q賢慧A2170一-5
雜類,Q,賢慧,生命的智慧,二,0,生命的智慧 (二) Total,171,二,,A2,5,34,,,Q賢慧A2171二-5
雜類,Q,賢慧,著魔的地球,0,0,著魔的地球 Total,172,,,A2,5,10,,,Q賢慧A2172-5
雜類,Q,賢慧,靈魂的探索,0,0,靈魂的探索 Total,173,,,A2,3,6,,,Q賢慧A2173-3
雜類,Q,賢慧,正德,0,0,正德 Total,174,,,A2,1,0,,,Q賢慧A2174-1
修道故事,A,賢慧,不朽的真理,五,0,不朽的真理 (五) Total,175,五,,A3,1,2,,,A賢慧A3175五-1
修道故事,A,賢慧,不朽的真理,六,0,不朽的真理 (六） Total,176,六,,A3,1,5,,,A賢慧A3176六-1
修道故事,A,賢慧,心潮隨筆,0,0,心潮隨筆 Total,177,,,A3,2,20,,,A賢慧A3177-2
修道故事,A,賢慧,懺悔奇緣,0,0,懺悔奇緣 Total,178,,,A3,6,14,,,A賢慧A3178-6
修道故事,A,賢慧,聖哲傳燈錄 Transmit Holy Lamp,0,0,聖哲傳燈錄 Transmit Holy Lamp Total,179,,,A3,5,0,,,A賢慧A3179-5
因果,B,賢慧,天音傳聲-理天遊記,0,0,天音傳聲-理天遊記 Total,180,,,A3,2,2,,,B賢慧A3180-2
結緣訓,D,賢慧,聖母助道記 - 天道見證篇,0,0,聖母助道記 - 天道見證篇 Total,181,,,A3,5,29,,,D賢慧A3181-5
結緣訓,D,賢慧,靈濟真君結緣訓,0,0,靈濟真君結緣訓 Total,182,,,A3,4,0,,,D賢慧A3182-4
結緣訓,D,賢慧,僩文帝君結緣訓: 韓雨霖題,0,0,僩文帝君結緣訓: 韓雨霖題 Total,183,,,A3,2,0,,,D賢慧A3183-2
仙佛聖訓/慈訓,G,賢慧,十五條佛規（給新到親的一本書）,0,0,十五條佛規（給新到親的一本書） Total,184,,,A3,7,48,,,G賢慧A3184-7
仙佛聖訓/慈訓,G,賢慧,修道寧靜而致遠,0,0,修道寧靜而致遠 Total,185,,,A3,2,2,,,G賢慧A3185-2
仙佛聖訓/慈訓,G,賢慧,學道淡泊以明志,0,0,學道淡泊以明志 Total,186,,,A3,2,2,,,G賢慧A3186-2
仙佛聖訓/慈訓,G,賢慧,性心身,0,0,性心身 Total,187,,,A3,5,38,,,G賢慧A3187-5
仙佛聖訓/慈訓,G,賢慧,故鄉的家書,一,0,故鄉的家書 (一) Total,188,一,,A3,1,3,,,G賢慧A3188一-1
仙佛聖訓/慈訓,G,賢慧,故鄉的家書,七,0,故鄉的家書 (七) Total,189,七,,A3,1,3,,,G賢慧A3189七-1
仙佛聖訓/慈訓,G,賢慧,故鄉的家書,三,0,故鄉的家書 (三) Total,190,三,,A3,1,3,,,G賢慧A3190三-1
仙佛聖訓/慈訓,G,賢慧,故鄉的家書,九,0,故鄉的家書 (九) Total,191,九,,A3,1,3,,,G賢慧A3191九-1
仙佛聖訓/慈訓,G,賢慧,故鄉的家書,二,0,故鄉的家書 (二) Total,192,二,,A3,1,3,,,G賢慧A3192二-1
仙佛聖訓/慈訓,G,賢慧,故鄉的家書,二十,0,故鄉的家書 (二十) Total,193,二十,,A3,1,3,,,G賢慧A3193二十-1
仙佛聖訓/慈訓,G,賢慧,故鄉的家書,五,0,故鄉的家書 (五) Total,194,五,,A3,1,3,,,G賢慧A3194五-1
仙佛聖訓/慈訓,G,賢慧,故鄉的家書,八,0,故鄉的家書 (八) Total,195,八,,A3,1,3,,,G賢慧A3195八-1
仙佛聖訓/慈訓,G,賢慧,故鄉的家書,六,0,故鄉的家書 (六) Total,196,六,,A3,1,3,,,G賢慧A3196六-1
仙佛聖訓/慈訓,G,賢慧,故鄉的家書,十,0,故鄉的家書 (十) Total,197,十,,A3,1,3,,,G賢慧A3197十-1
仙佛聖訓/慈訓,G,賢慧,故鄉的家書,十一,0,故鄉的家書 (十一) Total,198,十一,,A3,1,3,,,G賢慧A3198十一-1
仙佛聖訓/慈訓,G,賢慧,故鄉的家書,十七,0,故鄉的家書 (十七) Total,199,十七,,A3,1,3,,,G賢慧A3199十七-1
仙佛聖訓/慈訓,G,賢慧,故鄉的家書,十九,0,故鄉的家書 (十九) Total,200,十九,,A3,1,3,,,G賢慧A3200十九-1
仙佛聖訓/慈訓,G,賢慧,故鄉的家書,十二,0,故鄉的家書 (十二) Total,201,十二,,A3,1,3,,,G賢慧A3201十二-1
仙佛聖訓/慈訓,G,賢慧,故鄉的家書,十五,0,故鄉的家書 (十五) Total,202,十五,,A3,1,3,,,G賢慧A3202十五-1
仙佛聖訓/慈訓,G,賢慧,故鄉的家書,十八,0,故鄉的家書 (十八) Total,203,十八,,A3,1,3,,,G賢慧A3203十八-1
仙佛聖訓/慈訓,G,賢慧,故鄉的家書,十六,0,故鄉的家書 (十六) Total,204,十六,,A3,1,3,,,G賢慧A3204十六-1
仙佛聖訓/慈訓,G,賢慧,故鄉的家書,十四,0,故鄉的家書 (十四) Total,205,十四,,A3,1,3,,,G賢慧A3205十四-1
仙佛聖訓/慈訓,G,賢慧,故鄉的家書,四,0,故鄉的家書 (四) Total,206,四,,A3,1,3,,,G賢慧A3206四-1
仙佛聖訓/慈訓,G,賢慧,故鄉的家書,十三,0,故鄉的家書 (十三) Total,207,十三,,A3,1,4,,,G賢慧A3207十三-1
仙佛聖訓/慈訓,G,賢慧,生命可以更美好,一,0,生命可以更美好 (一) Total,208,一,,A3,1,2,,,G賢慧A3208一-1
仙佛聖訓/慈訓,G,賢慧,追求人生真善美,二,0,追求人生真善美 (二) Total,209,二,,A3,1,2,,,G賢慧A3209二-1
仙佛聖訓/慈訓,G,賢慧,只有自己做得到,三,0,只有自己做得到 (三) Total,210,三,,A3,2,2,,,G賢慧A3210三-2
仙佛聖訓/慈訓,G,賢慧,修己渡人濟世間,0,0,修己渡人濟世間 Total,211,,,A3,1,2,,,G賢慧A3211-1
仙佛聖訓/慈訓,G,賢慧,修行只是除習氣,0,0,修行只是除習氣 Total,212,,,A3,1,0,,,G賢慧A3212-1
課題,J,賢慧,渡人檔案,0,0,渡人檔案 Total,213,,,A3,2,9,,,J賢慧A3213-2
道學常識,M,賢慧,您為何要求道,0,0,您為何要求道 Total,214,,,A3,5,30,,,M賢慧A3214-5
道學常識,M,賢慧,求道後別忘了三寶與修道,0,0,求道後別忘了三寶與修道 Total,215,,,A3,2,5,,,M賢慧A3215-2
道學常識,M,賢慧,道義百問,0,0,道義百問 Total,216,,,A3,5,14,,,M賢慧A3216-5
講師良伴,N,賢慧,做個成功的引保師,0,0,做個成功的引保師 Total,217,,,A3,3,18,,,N賢慧A3217-3
講師良伴,N,賢慧,傳家之寶-- 怎樣真正改造自己的命運,0,0,傳家之寶-- 怎樣真正改造自己的命運 Total,218,,,A3,2,2,,,N賢慧A3218-2
講師良伴,N,賢慧,道化十方,0,0,道化十方 Total,219,,,A3,3,8,,,N賢慧A3219-3
道德,P,賢慧,道德故事輯錄,0,0,道德故事輯錄 Total,220,,,A3,4,29,,,P賢慧A3220-4
雜類,Q,賢慧,哭泣的地球,0,0,哭泣的地球 Total,221,,,A3,5,10,,,Q賢慧A3221-5
雜類,Q,賢慧,靜心之路,0,0,靜心之路 Total,222,,,A3,2,10,,,Q賢慧A3222-2
雜類,Q,賢慧,雨華集,0,0,雨華集 Total,223,,,A3,2,4,,,Q賢慧A3223-2
雜類,Q,賢慧,"幸福,請在對的地方尋找",0,0,"幸福,請在對的地方尋找 Total",224,,,A3,2,0,,,Q賢慧A3224-2
雜類,Q,賢慧,見月懷人古道心,0,0,見月懷人古道心 Total,225,,,A3,2,0,,,Q賢慧A3225-2
雜類,Q,賢慧,Love Forever 把這份情傳下去,0,中英,Love Forever 把這份情傳下去 (中英) Total,226,,中英,A3,2,0,,,Q賢慧A3226中英-2
雜類,Q,賢慧,Lasting Goodness 把這美德傳下去,0,中英,Lasting Goodness 把這美德傳下去 (中英) Total,227,,中英,A3,2,0,,,Q賢慧A3227中英-2
雜類,Q,賢慧,雁飛秋色彩天外天,0,0,雁飛秋色彩天外天 Total,228,,,A3,2,0,,,Q賢慧A3228-2
雜類,Q,賢慧,人生不能等待的兩件事情,0,0,人生不能等待的兩件事情 Total,229,,,A3,2,0,,,Q賢慧A3229-2
雜類,Q,賢慧,"有難,我來擔：尼泊爾行腳",0,0,"有難,我來擔：尼泊爾行腳 Total",230,,,A3,1,0,,,Q賢慧A3230-1
修道故事,A,賢慧,三曹普渡,0,0,三曹普渡 Total,231,,,A4,5,19,,,A賢慧A4231-4
修道故事,A,賢慧,五媽求道記,0,0,五媽求道記 Total,232,,,A4,5,29,,,A賢慧A4232-5
修道故事,A,賢慧,萬家生佛,0,0,萬家生佛 Total,233,,,A4,5,62,,,A賢慧A4233-5
因果,B,賢慧,人間奇譚,0,0,人間奇譚 Total,234,,,A4,6,5,,,B賢慧A4234-6
求道書,C,賢慧,了凡四訓,0,英,了凡四訓 (英) Total,235,,英,A4,6,1,,,C賢慧A4235英-6
求道書,C,賢慧,修道新介紹,0,中英,修道新介紹 (中英) Total,236,,中英,A4,2,0,,,C賢慧A4236中英-4
結緣訓,D,賢慧,三天法律院翊軍大將軍趙雲結緣訓,0,0,三天法律院翊軍大將軍趙雲結緣訓 Total,237,,,A4,11,82,,,D賢慧A4237-11
結緣訓,D,賢慧,"修和大仙生平嘉言德行錄,殯天三週年結緣訓",0,0,"修和大仙生平嘉言德行錄,殯天三週年結緣訓 Total",238,,,A4,2,2,,,D賢慧A4238-2
結緣訓,D,賢慧,天律部佛規稽查專員張孝先結緣訓,0,0,天律部佛規稽查專員張孝先結緣訓 Total,239,,,A4,8,20,,,D賢慧A4239-8
結緣訓,D,賢慧,普覺仙真結緣訓 丙子年,0,0,普覺仙真結緣訓 丙子年 Total,240,,,A4,2,3,,,D賢慧A4240-2
結緣訓,D,賢慧,"自修院培德班班員,慈德院進修班班員黃絨,鐘水練結緣訓",0,0,"自修院培德班班員,慈德院進修班班員黃絨,鐘水練結緣訓 Total",241,,,A4,4,0,,,D賢慧A4241-4
結緣訓,D,賢慧,"林鴻結,林鴻祺,林鴻盛,林靜香與亡父母結緣訓",0,0,"林鴻結,林鴻祺,林鴻盛,林靜香與亡父母結緣訓 Total",242,,,A4,9,0,,,D賢慧A4242-9
結緣訓,D,賢慧,廖三信講師結緣訓,0,0,廖三信講師結緣訓 Total,243,,,A4,4,0,,,D賢慧A4243-4
結緣訓,D,賢慧,"練性院班員, 自修院班員黃東娣,林龍登結緣訓",0,0,"練性院班員, 自修院班員黃東娣,林龍登結緣訓 Total",244,,,A4,1,0,,,D賢慧A4244-1
結緣訓,D,賢慧,"張雅喬與亡母張生,曾妹結緣訓",0,0,"張雅喬與亡母張生,曾妹結緣訓 Total",245,,,A4,1,0,,,D賢慧A4245-1
結緣訓,D,賢慧,"天佛院考試班,督導專員黃亞嬌結緣訓",0,0,"天佛院考試班,督導專員黃亞嬌結緣訓 Total",246,,,A4,1,0,,,D賢慧A4246-1
結緣訓,D,賢慧,玉慈仙真結緣訓,0,0,玉慈仙真結緣訓 Total,247,,,A4,6,0,,,D賢慧A4247-6
結緣訓,D,賢慧,效忠天仙王志信講師結緣訓,0,0,效忠天仙王志信講師結緣訓 Total,248,,,A4,1,0,,,D賢慧A4248-1
結緣訓,D,賢慧,慈寧菩薩結緣訓,0,0,慈寧菩薩結緣訓 Total,249,,,A4,3,0,,,D賢慧A4249-3
經典,E,賢慧,明真仙徑,0,0,明真仙徑 Total,250,,,A4,6,75,,,E賢慧A4250-6
經典,E,賢慧,恒修真仙結緣訓,0,0,恒修真仙結緣訓 Total,251,,,A4,2,0,,,E賢慧A4251-2
仙佛聖訓/慈訓,G,賢慧,南海古佛寄語知音,0,0,南海古佛寄語知音 Total,252,,,A4,5,8,,,G賢慧A4252-5
仙佛聖訓/慈訓,G,賢慧,天然師尊叮嚀心語（癸酉年，泰國）,0,0,天然師尊叮嚀心語（癸酉年，泰國） Total,253,,,A4,2,19,,,G賢慧A4253-2
仙佛聖訓/慈訓,G,賢慧,皇中聖訓丙子年仲冬,0,0,皇中聖訓丙子年仲冬 Total,254,,,A4,18,4,,,G賢慧A4254-18
仙佛聖訓/慈訓,G,賢慧,皇中聖訓庚辰年,0,0,皇中聖訓庚辰年 Total,255,,,A4,3,0,,,G賢慧A4255-3
仙佛聖訓/慈訓,G,賢慧,皇中訓子十誡,0,0,皇中訓子十誡 Total,256,,,A4,1,1,,,G賢慧A4256-1
仙佛聖訓/慈訓,G,賢慧,老師慈訓 (同心堂),0,0,老師慈訓 (同心堂) Total,257,,,A4,4,130,,,G賢慧A4257-4
素食,H,賢慧,營養素食譜,0,0,營養素食譜 Total,258,,,A4,7,8,,,H賢慧A4258-8
素食,H,賢慧,科學營養素食,0,0,科學營養素食 Total,259,,,A4,4,1,,,H賢慧A4259-4
素食,H,賢慧,養生保命錄,0,0,養生保命錄 Total,260,,,A4,1,0,,,H賢慧A4260-1
素食,H,賢慧,素食的利益,0,0,素食的利益 Total,261,,,A4,1,0,,,H賢慧A4261-1
課題,J,賢慧,修天道 ,0,0,修天道  Total,262,,,A4,10,62,,,J賢慧A4262-10
課題,J,賢慧,孝經小註,0,0,孝經小註 Total,264,,,A4,6,1,,,J賢慧A4264-6
課題,J,賢慧,禮儀規範 (綠色),0,0,禮儀規範 (綠色) Total,265,,,A4,9,693,,,J賢慧A4265-9
課題,J,賢慧,辦事細則,0,0,辦事細則 Total,266,,,A4,1,163,,,J賢慧A4266-1
課題,J,賢慧,道理真詮,0,0,道理真詮 Total,267,,,A4,3,55,,,J賢慧A4267-3
道學常識,M,賢慧,性理題釋九十題,0,0,性理題釋九十題 Total,268,,,A4,1,0,,,M賢慧A4268-1
道史道統,O,賢慧,The Great Tao and the Wisdom of the Five World Religions 天道與五教真理淺釋,0,英,The Great Tao and the Wisdom of the Five World Religions 大道與五教真理淺釋 (英) Total,269,,英,A4,2,30,,,O賢慧A4269英-2
雜類,Q,賢慧,道劫已臨明證,0,0,道劫已臨明證 Total,270,,,A4,2,3,,,Q賢慧A4270-2
修道故事,A,賢慧,把這份智慧傳下去,0,0,把這份智慧傳下去 Total,271,,,B1,2,0,,,A賢慧B1271-2
仙佛聖訓/慈訓,G,賢慧,札記隨筆,0,0,札記隨筆 Total,272,,,B1,1,3,,,G賢慧B1272-1
仙佛聖訓/慈訓,G,賢慧,白水老人道義輯要,0,0,白水老人道義輯要 Total,273,,,B1,4,4,,,G賢慧B1273-4
仙佛聖訓/慈訓,G,賢慧,箴言集成（辛亥年）白水老人選輯,0,0,箴言集成（辛亥年）白水老人選輯 Total,274,,,B1,5,2,,,G賢慧B1274-6
仙佛聖訓/慈訓,G,賢慧,聖佛語錄,0,0,聖佛語錄 Total,275,,,B1,5,4,,,G賢慧B1275-5
仙佛聖訓/慈訓,G,賢慧,規誡修真,0,0,規誡修真 Total,276,,,B1,7,112,,,G賢慧B1276-7
課題,J,賢慧,至德大帝講道語錄,一,0,至德大帝講道語錄 (一) Total,278,一,,B1,6,375,,,J賢慧B1278一-6
課題,J,賢慧,至德大帝講道語錄,三,0,至德大帝講道語錄 (三) Total,279,三,,B1,4,338,,,J賢慧B1279三-4
課題,J,賢慧,至德大帝講道語錄,二,0,至德大帝講道語錄 (二) Total,280,二,,B1,5,253,,,J賢慧B1280二-5
課題,J,賢慧,至德大帝講道語錄,四,0,至德大帝講道語錄 (四) Total,281,四,,B1,1,707,,,J賢慧B1281四-1
講師良伴,N,賢慧,出世必要,0,0,出世必要 Total,282,,,B1,4,21,,,N賢慧B1282-4
講師良伴,N,賢慧,歸根認中的提燈者,0,0,歸根認中的提燈者 Total,283,,,B1,4,8,,,N賢慧B1283-4
道史道統,O,賢慧,三教心法（修訂版）,0,0,三教心法（修訂版） Total,284,,,B1,2,2,,,O賢慧B1284-2
道史道統,O,賢慧,天道古禮探源,0,0,天道古禮探源 Total,285,,,B1,2,5,,,O賢慧B1285-2
道史道統,O,賢慧,懷念師恩母德,0,0,懷念師恩母德 Total,286,,,B1,7,9,,,O賢慧B1286-7
道德,P,賢慧,三從四德,0,0,三從四德 Total,287,,,B1,3,12,,,P賢慧B1287-3
道德,P,賢慧,中華人倫道德,0,0,中華人倫道德 Total,288,,,B1,6,0,,,P賢慧B1288-6
修道故事,A,賢慧,如魚得水,0,0,如魚得水 Total,289,,,B2,5,22,,,A賢慧B2289-5
修道故事,A,賢慧,孔孟3Q,0,0,孔孟3Q Total,290,,,B2,4,20,,,A賢慧B2290-4
修道故事,A,賢慧,希望,0,0,希望 Total,291,,,B2,3,6,,,A賢慧B2291-3
修道故事,A,賢慧,幸福花草園,0,0,幸福花草園 Total,292,,,B2,4,5,,,A賢慧B2292-4
修道故事,A,賢慧,心念轉個彎,0,0,心念轉個彎 Total,293,,,B2,2,6,,,A賢慧B2293-2
結緣訓,D,賢慧,至德大帝結緣訓,0,0,至德大帝結緣訓 Total,294,,,B1,5,398,,,D賢慧B2294-6
經典,E,賢慧,六祖大師法寶壇經淺釋,0,0,六祖大師法寶壇經淺釋 Total,295,,,B2,5,8,,,E賢慧B2295-5
經典,E,賢慧,六祖法寶壇經,0,0,六祖法寶壇經 Total,296,,,B2,3,29,,,E賢慧B2296-3
經典,E,賢慧,化娑婆為蓮花邦,0,0,化娑婆為蓮花邦 Total,297,,,B2,2,11,,,E賢慧B2297-2
經典,E,賢慧,彌勒救苦真經,0,0,彌勒救苦真經 Total,298,,,B2,2,10,,,E賢慧B2298-2
經典,E,賢慧,明聖經講義,0,0,明聖經講義 Total,299,,,B2,1,3,,,E賢慧B2299-1
經典,E,賢慧,易。人生 (易經與現代生活),0,0,易。人生 (易經與現代生活) Total,300,,,B2,2,9,,,E賢慧B2300-2
經典,E,賢慧,易測未來 - 未來預知術淺釋,0,0,易測未來 - 未來預知術淺釋 Total,301,,,B2,2,11,,,E賢慧B2301-2
經典,E,賢慧,桃園明聖經,0,0,桃園明聖經 Total,302,,,B2,3,12,,,E賢慧B2302-3
經典,E,賢慧,桃園明聖經 （一點真心 ）,0,0,桃園明聖經 （一點真心 ） Total,303,,,B2,3,10,,,E賢慧B2303-3
經典,E,賢慧,清靜經講解 (慈無量編校),0,0,清靜經講解 (慈無量編校) Total,304,,,B2,5,8,,,E賢慧B2304-5
經典,E,賢慧,清靜經講解 (明德出版社),0,0,清靜經講解 (明德出版社) Total,305,,,B2,5,0,,,E賢慧B2305-5
經典,E,賢慧,舉頭三尺有神明 (三聖經),0,0,舉頭三尺有神明 (三聖經) Total,306,,,B2,5,18,,,E賢慧B2306-5
經典,E,賢慧,道德經 (老子演譯),0,0,道德經 (老子演譯) Total,307,,,B2,2,0,,,E賢慧B2307-2
經典,E,賢慧,道法自然,0,0,道法自然 Total,308,,,B2,3,19,,,E賢慧B2308-3
經典,E,賢慧,金剛經（濟公活佛註解）,0,0,金剛經（濟公活佛註解） Total,309,,,B2,5,2,,,E賢慧B2309-5
仙佛聖訓/慈訓,G,賢慧,白陽弟子的修持戒律,0,0,白陽弟子的修持戒律 Total,310,,,B2,2,19,,,G賢慧B2310-2
仙佛聖訓/慈訓,G,賢慧,百孝經讀本 - 聖訓輯要,0,0,百孝經讀本 - 聖訓輯要 Total,311,,,B2,3,12,,,G賢慧B2311-3
道學常識,M,賢慧,一貫道義入門-求道後應有的認知,0,0,一貫道義入門-求道後應有的認知 Total,312,,,B2,5,11,,,M賢慧B2312-6
雜類,Q,賢慧,開發妙智慧,0,0,開發妙智慧 Total,313,,,B2,2,9,,,Q賢慧B2313-2
修道故事,A,賢慧,一步一腳印,0,0,一步一腳印 Total,314,,,B3,5,8,,,A賢慧B3314-5
修道故事,A,賢慧,人行道,一,0,人行道 (一) Total,315,一,,B3,2,10,,,A賢慧B3315一-2
修道故事,A,賢慧,人行道,二,0,人行道 (二) Total,316,二,,B3,2,10,,,A賢慧B3316二-2
修道故事,A,賢慧,人間故事,一,0,人間故事 (一) Total,317,一,,B3,2,26,,,A賢慧B3317一-2
修道故事,A,賢慧,人間故事,三,0,人間故事 (三) Total,318,三,,B3,2,18,,,A賢慧B3318三-2
修道故事,A,賢慧,人間故事,九,0,人間故事 (九) Total,319,九,,B3,2,4,,,A賢慧B3319九-2
修道故事,A,賢慧,人間故事,二,0,人間故事 (二) Total,320,二,,B3,2,18,,,A賢慧B3320二-2
修道故事,A,賢慧,人間故事,五,0,人間故事 (五) Total,321,五,,B3,1,2,,,A賢慧B3321五-1
修道故事,A,賢慧,人間故事,八,0,人間故事 (八) Total,322,八,,B3,2,17,,,A賢慧B3322八-2
修道故事,A,賢慧,人間故事,六,0,人間故事 (六) Total,323,六,,B3,1,17,,,A賢慧B3323六-1
修道故事,A,賢慧,人間故事,十,0,人間故事 (十) Total,324,十,,B3,2,20,,,A賢慧B3324十-2
修道故事,A,賢慧,人間故事,四,0,人間故事 (四) Total,325,四,,B3,2,22,,,A賢慧B3325四-2
修道故事,A,賢慧,八仙好神來了的故事,0,0,八仙好神來了的故事 Total,326,,,B3,5,11,,,A賢慧B3326-5
修道故事,A,賢慧,八仙的故事（何仙姑）,0,0,八仙的故事（何仙姑） Total,327,,,B3,5,11,,,A賢慧B3327-5
修道故事,A,賢慧,張公百忍故事全書,0,0,張公百忍故事全書 Total,328,,,B3,5,31,,,A賢慧B3328-5
修道故事,A,賢慧,彌勒聖蹤,0,0,彌勒聖蹤 Total,329,,,B3,3,6,,,A賢慧B3329-3
修道故事,A,賢慧,慧心觀人間,0,0,慧心觀人間 Total,330,,,B3,5,9,,,A賢慧B3330-5
修道故事,A,賢慧,聖哲典範錄,0,0,聖哲典範錄 Total,331,,,B3,2,14,,,A賢慧B3331-2
修道故事,A,賢慧,觀音菩薩形象與化身故事,0,0,觀音菩薩形象與化身故事 Total,332,,,B3,3,5,,,A賢慧B3332-3
經典,E,賢慧,四書小品,0,0,四書小品 Total,333,,,B3,1,0,,,E賢慧B3333-1
經典,E,賢慧,論語選讀小註,0,0,論語選讀小註 Total,334,,,B3,9,145,,,E賢慧B3334-9
仙佛聖訓/慈訓,G,賢慧,濟公活佛說五戒,0,0,濟公活佛說五戒 Total,335,,,B3,6,23,,,G賢慧B3335-6
課題,J,賢慧,中庸節錄,0,0,中庸節錄 Total,336,,,B3,4,67,,,J賢慧B3336-4
道學常識,M,賢慧,道學心德,0,0,道學心德 Total,337,,,B3,3,10,,,M賢慧B3337-3
講師良伴,N,賢慧,靜思與透視,0,0,靜思與透視 Total,338,,,B3,4,10,,,N賢慧B3338-4
道史道統,O,賢慧,彌勒淨土的殊勝,0,0,彌勒淨土的殊勝 Total,339,,,B3,2,38,,,O賢慧B3339-2
修道故事,A,賢慧,佛渡有緣人,0,0,佛渡有緣人 Total,340,,,C1,6,20,,,A賢慧C1340-6
修道故事,A,賢慧,甘泉雨露,二,0,甘泉雨露 (二) Total,341,二,,C1,3,7,,,A賢慧C1341二-3
修道故事,A,賢慧,點燃心靈的燈,0,0,點燃心靈的燈 Total,342,,,C1,4,18,,,A賢慧C1342-4
仙佛聖訓/慈訓,G,賢慧,佛規諭錄（十五條佛規）,0,0,佛規諭錄（十五條佛規） Total,343,,,C1,2,46,,,G賢慧C1343-2
仙佛聖訓/慈訓,G,賢慧,回天的五個條件 - 德性,0,0,回天的五個條件 - 德性 Total,344,,,C1,1,1,,,G賢慧C1344-1
仙佛聖訓/慈訓,G,賢慧,回天的五個條件 - 心念,0,0,回天的五個條件 - 心念 Total,345,,,C1,1,4,,,G賢慧C1345-1
仙佛聖訓/慈訓,G,賢慧,回天的五個條件 - 愿行,0,0,回天的五個條件 - 愿行 Total,346,,,C1,1,4,,,G賢慧C1346-1
仙佛聖訓/慈訓,G,賢慧,回天的五個條件 - 戒律,0,0,回天的五個條件 - 戒律 Total,347,,,C1,1,4,,,G賢慧C1347-1
仙佛聖訓/慈訓,G,賢慧,回天的五個條件 - 火候,0,0,回天的五個條件 - 火候 Total,348,,,C1,2,4,,,G賢慧C1348-2
仙佛聖訓/慈訓,G,賢慧,活佛師尊慈示-不朽真理 (四) ,四,0,活佛師尊慈示-不朽真理 (四)  Total,349,四,,C1,2,2,,,G賢慧C1349四-2
仙佛聖訓/慈訓,G,賢慧,活佛師尊慈示-不朽真理 (一),一,0,活佛師尊慈示-不朽真理 (一)  Total,350,一,,C1,2,4,,,G賢慧C1350一-2
仙佛聖訓/慈訓,G,賢慧,活佛師尊慈示-不朽真理 (三),三,0,活佛師尊慈示-不朽真理 (三)  Total,351,三,,C1,2,6,,,G賢慧C1351三-2
仙佛聖訓/慈訓,G,賢慧,活佛師尊慈示-不朽真理 (二),二,0,活佛師尊慈示-不朽真理 (二) Total,352,二,,C1,2,4,,,G賢慧C1352二-2
仙佛聖訓/慈訓,G,賢慧,活佛師尊及仙佛慈妙訓 (戊辰年冬印),0,0,活佛師尊及仙佛慈妙訓 (戊辰年冬印) Total,353,,,C1,3,0,,,G賢慧C1353-3
仙佛聖訓/慈訓,G,賢慧,活佛師尊及仙佛慈妙訓 (乙酉年冬印),0,0,活佛師尊及仙佛慈妙訓 (乙酉年冬印) Total,354,,,C1,1,0,,,G賢慧C1354-1
仙佛聖訓/慈訓,G,賢慧,老師的話,一,0,老師的話 (一) Total,355,一,,C1,1,2,,,G賢慧C1355一-1
仙佛聖訓/慈訓,G,賢慧,老師的話,七,0,老師的話 (七) Total,356,七,,C1,1,2,,,G賢慧C1356七-1
仙佛聖訓/慈訓,G,賢慧,老師的話,九,0,老師的話 (九) Total,357,九,,C1,1,2,,,G賢慧C1357九-1
仙佛聖訓/慈訓,G,賢慧,老師的話,二,0,老師的話 (二) Total,358,二,,C1,1,4,,,G賢慧C1358二-1
仙佛聖訓/慈訓,G,賢慧,老師的話,二十,0,老師的話 (二十) Total,359,二十,,C1,1,4,,,G賢慧C1359二十-1
仙佛聖訓/慈訓,G,賢慧,老師的話,五,0,老師的話 (五) Total,360,五,,C1,1,2,,,G賢慧C1360五-1
仙佛聖訓/慈訓,G,賢慧,老師的話,八,0,老師的話 (八) Total,361,八,,C1,1,2,,,G賢慧C1361八-1
仙佛聖訓/慈訓,G,賢慧,老師的話,六,0,老師的話 (六) Total,362,六,,C1,1,2,,,G賢慧C1362六-1
仙佛聖訓/慈訓,G,賢慧,老師的話,十,0,老師的話 (十) Total,363,十,,C1,1,2,,,G賢慧C1363十-1
仙佛聖訓/慈訓,G,賢慧,老師的話,十一,0,老師的話 (十一) Total,364,十一,,C1,1,4,,,G賢慧C1364十一-1
仙佛聖訓/慈訓,G,賢慧,老師的話,十七,0,老師的話 (十七) Total,365,十七,,C1,1,4,,,G賢慧C1365十七-1
仙佛聖訓/慈訓,G,賢慧,老師的話,十三,0,老師的話 (十三) Total,366,十三,,C1,1,4,,,G賢慧C1366十三-1
仙佛聖訓/慈訓,G,賢慧,老師的話,十九,0,老師的話 (十九) Total,367,十九,,C1,1,4,,,G賢慧C1367十九-1
仙佛聖訓/慈訓,G,賢慧,老師的話,十二,0,老師的話 (十二) Total,368,十二,,C1,1,4,,,G賢慧C1368十二-1
仙佛聖訓/慈訓,G,賢慧,老師的話,十五,0,老師的話 (十五) Total,369,十五,,C1,1,4,,,G賢慧C1369十五-1
仙佛聖訓/慈訓,G,賢慧,老師的話,十八,0,老師的話 (十八) Total,370,十八,,C1,1,4,,,G賢慧C1370十八-1
仙佛聖訓/慈訓,G,賢慧,老師的話,十六,0,老師的話 (十六) Total,371,十六,,C1,1,4,,,G賢慧C1371十六-1
仙佛聖訓/慈訓,G,賢慧,老師的話,十四,0,老師的話 (十四) Total,372,十四,,C1,1,4,,,G賢慧C1372十四-1
仙佛聖訓/慈訓,G,賢慧,老師的話,四,0,老師的話 (四) Total,373,四,,C1,1,2,,,G賢慧C1373四-1
工具字典,L,賢慧,新編辭海,0,0,新編辭海 Total,374,,,C1,1,16,,,L賢慧C1374-1
道學常識,M,賢慧,性理道釋,0,0,性理道釋 Total,375,,,C1,3,30,,,M賢慧C1375-3
道學常識,M,賢慧,求道後的第一本書,0,0,求道後的第一本書 Total,376,,,C1,6,15,,,M賢慧C1376-6
道學常識,M,賢慧,認識天道,0,0,認識天道 Total,377,,,C1,2,20,,,M賢慧C1377-2
雜類,Q,賢慧,中國二千年之預言,0,0,中國二千年之預言 Total,378,,,C1,5,15,,,Q賢慧C1378-5
修道故事,A,賢慧,王鳳儀言行錄,0,0,王鳳儀言行錄 Total,379,,,C3,2,11,,,A賢慧C2379-2
結緣訓,D,賢慧,不休息菩薩結緣訓,0,0,不休息菩薩結緣訓 Total,380,,,C2,3,0,,,D賢慧C2380-3
經典,E,賢慧,學庸論語,0,0,學庸論語 Total,381,,,C2,5,0,,,E賢慧C2381-5
經典,E,賢慧,大學白話淺釋,0,0,大學白話淺釋 Total,382,,,C2,3,13,,,E賢慧C2382-3
經典,E,賢慧,中庸證釋,0,0,中庸證釋 Total,383,,,C2,2,0,,,E賢慧C2383-2
經典,E,賢慧,新編大學證釋,0,0,新編大學證釋 Total,384,,,C2,2,1,,,E賢慧C2384-2
經典,E,賢慧,菜根譚講釋,0,0,菜根譚講釋 Total,385,,,C2,3,8,,,E賢慧C2385-3
經典,E,賢慧,菜根譚新譯,0,0,菜根譚新譯 Total,386,,,C2,1,0,,,E賢慧C2386-1
經典,E,賢慧,金剛經輯解/李輔人,0,0,金剛經輯解/李輔人 Total,387,,,C2,2,1,,,E賢慧C2387-2
雜誌週刊,I,賢慧,光明刋15,0,0,光明刋15 Total,388,,,C2,4,12,,,I賢慧C2388-4
雜誌週刊,I,賢慧,光明刋17,0,0,光明刋17 Total,389,,,C2,4,128,,,I賢慧C2389-4
雜誌週刊,I,賢慧,光明刋18,0,0,光明刋18 Total,390,,,C2,5,136,,,I賢慧C2390-5
雜誌週刊,I,賢慧,光明刋19,0,0,光明刋19 Total,391,,,C2,7,50,,,I賢慧C2391-7
雜誌週刊,I,賢慧,光明刋14,0,0,光明刋14 Total,392,,,C2,5,0,,,I賢慧C2392-5
雜誌週刊,I,賢慧,光明刋16,0,0,光明刋16 Total,393,,,C2,3,0,,,I賢慧C2393-3
雜誌週刊,I,賢慧,光明刋6,0,0,光明刋6 Total,394,,,C2,1,0,,,I賢慧C2394-1
雜誌週刊,I,賢慧,光明刋9,0,0,光明刋9 Total,395,,,C2,1,12,,,I賢慧C2395-1
雜誌週刊,I,賢慧,光明季刋試刊號,0,0,光明季刋試刊號 Total,396,,,C2,1,12,,,I賢慧C2396-1
雜誌週刊,I,賢慧,白水老人成道十週年紀念特刊,0,0,白水老人成道十週年紀念特刊 Total,397,,,C2,2,0,,,I賢慧C2397-2
雜誌週刊,I,賢慧,天恩37刋訊,0,0,天恩37刋訊 Total,398,,,C2,1,0,,,I賢慧C2398-1
雜誌週刊,I,賢慧,天恩39刋訊,0,0,天恩39刋訊 Total,399,,,C2,1,0,,,I賢慧C2399-1
雜誌週刊,I,賢慧,天恩40刋訊,0,0,天恩40刋訊 Total,400,,,C2,1,0,,,I賢慧C2400-1
雜誌週刊,I,賢慧,天恩41刋訊,0,0,天恩41刋訊 Total,401,,,C2,1,0,,,I賢慧C2401-1
雜誌週刊,I,賢慧,天恩42刋訊,0,0,天恩42刋訊 Total,402,,,C2,4,0,,,I賢慧C2402-4
雜誌週刊,I,賢慧,天恩43刋訊,0,0,天恩43刋訊 Total,403,,,C2,2,0,,,I賢慧C2403-2
雜誌週刊,I,賢慧,天恩44刋訊,0,0,天恩44刋訊 Total,404,,,C2,2,0,,,I賢慧C2404-2
雜誌週刊,I,賢慧,天恩45刋訊,0,0,天恩45刋訊 Total,405,,,C2,1,0,,,I賢慧C2405-1
雜誌週刊,I,賢慧,天恩46刋訊,0,0,天恩46刋訊 Total,406,,,C2,2,0,,,I賢慧C2406-2
雜誌週刊,I,賢慧,天恩48刋訊,0,0,天恩48刋訊 Total,407,,,C2,1,0,,,I賢慧C2407-1
雜誌週刊,I,賢慧,天恩51刋訊,0,0,天恩51刋訊 Total,408,,,C2,5,22,,,I賢慧C2408-5
雜誌週刊,I,賢慧,天恩聖道院暨聖展佛堂安座落成紀念特刋公元二000年八月廿日,0,0,天恩聖道院暨聖展佛堂安座落成紀念特刋公元二000年八月廿日 Total,409,,,C2,2,99,,,I賢慧C2409-2
雜誌週刊,I,賢慧,愿繼聖志向前行,0,0,愿繼聖志向前行 Total,410,,,C2,4,118,,,I賢慧C2410-4
修道故事,A,賢慧,五教經典故事,0,0,五教經典故事 Total,411,,,C3,2,5,,,A賢慧C3411-2
修道故事,A,賢慧,談真錄北海老人著,0,0,談真錄北海老人著 Total,412,,,C3,3,19,,,A賢慧C3412-3
修道故事,A,賢慧,懇成小品專輯,0,0,懇成小品專輯 Total,413,,,C3,5,21,,,A賢慧C3413-5
修道故事,A,賢慧,活水探源,0,0,活水探源 Total,414,,,C3,2,10,,,A賢慧C3414-2
修道故事,A,賢慧,趣談寓意百則,0,0,趣談寓意百則 Total,415,,,C3,5,9,,,A賢慧C3415-5
經典,E,賢慧,金剛經（上海崇華堂原版）,0,0,金剛經（上海崇華堂原版）Total,416,,,C3,4,0,,,E賢慧C3416-4
課題,J,賢慧,明德新民進修錄,0,0,明德新民進修錄 Total,417,,,C3,4,7,,,J賢慧C3417-4
道學常識,M,賢慧,五教真理智慧,0,0,五教真理智慧 Total,418,,,C3,5,9,,,M賢慧C3418-5
道學常識,M,賢慧,認理歸真--附原靈輪回圖,0,0,認理歸真--附原靈輪回圖 Total,419,,,C3,11,48,,,M賢慧C3419-11
道學常識,M,賢慧,金線與修道,0,0,金線與修道 Total,420,,,C3,5,10,,,M賢慧C3420-5
講師良伴,N,賢慧,修道與魔考,0,0,修道與魔考 Total,421,,,C3,5,38,,,N賢慧C3421-5
道史道統,O,賢慧,天命金線-羅前人主講,0,0,天命金線-羅前人主講 Total,422,,,C3,8,50,,,O賢慧C3422-8
道德,P,賢慧,三綱五常,0,0,三綱五常 Total,423,,,C3,1,4,,,P賢慧C3423-1
道德,P,賢慧,德育古鑑,0,0,德育古鑑 Total,424,,,C3,4,8,,,P賢慧C3424-4
雜類,Q,賢慧,人生道林,0,0,人生道林 Total,425,,,C3,5,18,,,Q賢慧C3425-5
兒童書籍,F,賢慧,了凡叔叔說故事,0,0,了凡叔叔說故事 Total,426,,,D1,1,0,,,F賢慧D1426-1
兒童書籍,F,賢慧,二十四孝的故事,0,0,二十四孝的故事 Total,427,,,D1,1,0,,,F賢慧D1427-1
兒童書籍,F,賢慧,父母恩重難報經 (漫畫),0,0,父母恩重難報經 (漫畫) Total,428,,,D1,1,0,,,F賢慧D1428-1
兒童書籍,F,賢慧,了凡四訓 (漫畫),0,0,了凡四訓 (漫畫) Total,429,,,D1,5,0,,,F賢慧D1429-5
兒童書籍,F,賢慧,就從這一秒開始第一步,0,0,就從這一秒開始第一步 Total,430,,,D1,1,0,,,F賢慧D1430-1
兒童書籍,F,賢慧,成語故事 (上),0,0,成語故事 (上) Total,431,,,D1,1,0,,,F賢慧D1431-1
兒童書籍,F,賢慧,成語故事 (下),0,0,成語故事 (上) Total,432,,,D1,1,0,,,F賢慧D1432-1
兒童書籍,F,賢慧,一分錢的力量,0,0,一分錢的力量 Total,433,,,D1,1,0,,,F賢慧D1433-1
兒童書籍,F,賢慧,講大道理不如說小故事,0,0,講大道理不如說小故事 Total,434,,,D1,1,0,,,F賢慧D1434-1
兒童書籍,F,賢慧,關懷心動物情,0,0,關懷心動物情 Total,435,,,D1,1,0,,,F賢慧D1435-1
兒童書籍,F,賢慧,兒童謎語,0,0,兒童謎語 Total,436,,,D1,1,0,,,F賢慧D1436-1
兒童書籍,F,賢慧,學生每日一辭,0,0,學生每日一辭 Total,437,,,D1,1,0,,,F賢慧D1437-1
兒童書籍,F,賢慧,護生畫集,一,0,護生畫集 (一) Total,438,一,,D1,1,0,,,F賢慧D1438一-1
兒童書籍,F,賢慧,護生畫集,二,0,護生畫集 (二) Total,439,二,,D1,1,0,,,F賢慧D1439二-1
兒童書籍,F,賢慧,護生畫集,三,0,護生畫集 (三) Total,440,三,,D1,1,0,,,F賢慧D1440三-1
兒童書籍,F,賢慧,護生畫集,四,0,護生畫集 (四) Total,441,四,,D1,1,0,,,F賢慧D1441四-1
兒童書籍,F,賢慧,護生畫集,五,0,護生畫集 (五) Total,442,五,,D1,1,0,,,F賢慧D1442五-1
兒童書籍,F,賢慧,護生畫集,六,0,護生畫集 (六) Total,443,六,,D1,1,0,,,F賢慧D1443六-1
兒童書籍,F,賢慧,鄉下野孩子,0,0,鄉下野孩子 Total,444,,,D1,1,0,,,F賢慧D1444-1
兒童書籍,F,賢慧,矮猴兄弟,0,0,矮猴兄弟 Total,445,,,D1,1,0,,,F賢慧D1445-1
兒童書籍,F,賢慧,"弟子規,三字經,孝經",0,0,"弟子規,三字經,孝經 Total",446,,,D1,1,0,,,F賢慧D1446-1
兒童書籍,F,賢慧,狐狸的電話亭,0,0,狐狸的電話亭 Total,447,,,D1,1,0,,,F賢慧D1447-1
兒童書籍,F,賢慧,神醫耆婆的故事,0,0,神醫耆婆的故事 Total,448,,,D1,1,0,,,F賢慧D1448-1
兒童書籍,F,賢慧,阿闍世王,0,0,阿闍世王 Total,449,,,D1,1,0,,,F賢慧D1449-1
兒童書籍,F,賢慧,法華經故事 (2),0,0,法華經故事 (2) Total,450,,,D1,1,0,,,F賢慧D1450-1
兒童書籍,F,賢慧,追根究底,0,0,追根究底 Total,451,,,D1,1,0,,,F賢慧D1451-1
兒童書籍,F,賢慧,現代爸爸,0,0,現代爸爸 Total,452,,,D1,1,0,,,F賢慧D1452-1
兒童書籍,F,賢慧,阿育王的故事,0,0,阿育王的故事 Total,453,,,D1,1,0,,,F賢慧D1453-1
兒童書籍,F,賢慧,西遊記,0,0,西遊記 Total,454,,,D1,1,0,,,F賢慧D1454-1
兒童書籍,F,賢慧,三國演義,0,0,三國演義 Total,455,,,D1,1,0,,,F賢慧D1455-1
兒童書籍,F,賢慧,白蛇傳,0,0,白蛇傳 Total,456,,,D1,1,0,,,F賢慧D1456-1
兒童書籍,F,賢慧,紅樓夢,0,0,紅樓夢 Total,457,,,D1,1,0,,,F賢慧D1457-1
兒童書籍,F,賢慧,濟公傳,0,0,濟公傳 Total,458,,,D1,1,0,,,F賢慧D1458-1
兒童書籍,F,賢慧,翹起你的大拇指,0,0,翹起你的大拇指 Total,459,,,D1,1,0,,,F賢慧D1459-1
兒童書籍,F,賢慧,換種方式做父母,0,0,換種方式做父母 Total,460,,,D1,1,0,,,F賢慧D1460-1
兒童書籍,F,賢慧,教育孩子的100個小故事,0,0,教育孩子的100個小故事 Total,461,,,D1,1,0,,,F賢慧D1461-1
兒童書籍,F,賢慧,唐詩三百首,0,0,唐詩三百首 Total,462,,,D1,6,6,,,F賢慧D1462-1
兒童書籍,F,賢慧,老子莊子選,0,0,老子莊子選 Total,463,,,D1,4,8,,,F賢慧D1463-1
兒童書籍,F,賢慧,"弟子規,三字經,孝經易解 (釋淨空敬題)",0,0,"弟子規,三字經,孝經易解 (釋淨空敬題) Total",464,,,D1,1,0,,,F賢慧D1464-1
兒童書籍,F,賢慧,QBQ 問題背後的問題,0,0,QBQ 問題背後的問題 Total,465,,,D1,1,0,,,F賢慧D1465-1
兒童書籍,F,賢慧,父母恩重難報經 (白話解說),0,0,父母恩重難報經 (白話解說) Total,466,,,D1,1,0,,,F賢慧D1466-1
兒童書籍,F,賢慧,孔子的故事,0,0,孔子的故事 Total,467,,,D1,1,0,,,F賢慧D1467-1
兒童書籍,F,賢慧,大家來玩捉迷藏,0,0,大家來玩捉迷藏 Total,468,,,D2,2,1,,,F賢慧D2468-2
兒童書籍,F,賢慧,我是小畫家,0,0,我是小畫家 Total,469,,,D2,2,1,,,F賢慧D2469-2
兒童書籍,F,賢慧,大家來玩捉迷藏,0,0,大家來玩捉迷藏 Total,470,,,D2,1,1,,,F賢慧D2470-1
兒童書籍,F,賢慧,我是小畫家,0,0,我是小畫家 Total,471,,,D2,1,1,,,F賢慧D2471-1
兒童書籍,F,賢慧,國王來了,0,0,國王來了 Total,472,,,D2,1,1,,,F賢慧D2472-1
兒童書籍,F,賢慧,誰最漂亮,0,0,誰最漂亮 Total,473,,,D2,1,1,,,F賢慧D2473-1
兒童書籍,F,賢慧,克利的微笑,0,0,克利的微笑 Total,474,,,D2,1,1,,,F賢慧D2474-1
兒童書籍,F,賢慧,長頸鹿的新衣,0,0,長頸鹿的新衣 Total,475,,,D2,1,1,,,F賢慧D2475-1
兒童書籍,F,賢慧,艾爾與艾迪,0,0,艾爾與艾迪 Total,476,,,D2,1,1,,,F賢慧D2476-1
兒童書籍,F,賢慧,小雨滴去哪兒,0,0,小雨滴去哪兒 Total,477,,,D2,1,0,,,F賢慧D2477-1
兒童書籍,F,賢慧,冬日的舞會,0,0,冬日的舞會 Total,478,,,D2,1,1,,,F賢慧D2478-1
兒童書籍,F,賢慧,螞蟻回家,0,0,螞蟻回家 Total,479,,,D2,1,1,,,F賢慧D2479-1
兒童書籍,F,賢慧,斑馬花花,0,0,斑馬花花 Total,480,,,D2,1,1,,,F賢慧D2480-1
兒童書籍,F,賢慧,聖誕熊,0,0,聖誕熊 Total,481,,,D2,1,1,,,F賢慧D2481-1
兒童書籍,F,賢慧,波波學溜冰,0,0,波波學溜冰 Total,482,,,D2,1,1,,,F賢慧D2482-1
兒童書籍,F,賢慧,小水母交朋友,0,0,小水母交朋友 Total,483,,,D2,1,1,,,F賢慧D2483-1
兒童書籍,F,賢慧,春天的聲音,0,0,春天的聲音 Total,484,,,D2,1,1,,,F賢慧D2484-1
兒童書籍,F,賢慧,美麗的花園,0,0,美麗的花園 Total,485,,,D2,1,1,,,F賢慧D2485-1
兒童書籍,F,賢慧,寶貝別怕,0,0,寶貝別怕 Total,486,,,D2,1,1,,,F賢慧D2486-1
兒童書籍,F,賢慧,藏寶圖的秘密,0,0,藏寶圖的秘密 Total,487,,,D2,1,0,,,F賢慧D2487-1
兒童書籍,F,賢慧,村童野徑,0,0,村童野徑 Total,488,,,D2,1,0,,,F賢慧D2488-1
兒童書籍,F,賢慧,兒童讀經班-師資輔助教材彙編,0,0,兒童讀經班--師資輔助教材彙編 Total,489,,,D2,3,0,,,F賢慧D2489-1
兒童書籍,F,賢慧,五百字說華語,0,0,五百字說華語 Total,492,,,D2,1,0,,,F賢慧D2492-1
兒童書籍,F,賢慧,全新版華語 第一冊,0,0,全新版華語 第一冊 Total,493,,,D2,1,0,,,F賢慧D2493-1
兒童書籍,F,賢慧,創意作文簿,0,0,創意作文簿 Total,494,,,D2,2,0,,,F賢慧D2494-2
兒童書籍,F,賢慧,全新版華語 第三冊,0,0,全新版華語 第三冊 Total,495,,,D2,1,0,,,F賢慧D2495-1
兒童書籍,F,賢慧,三字經的故事,0,0,三字經的故事 Total,496,,,D2,1,0,,,F賢慧D2496-1
兒童書籍,F,賢慧,閨範 第一集,0,0,閨範 第一集 Total,497,,,D2,1,0,,,F賢慧D2497-1
兒童書籍,F,賢慧,閨範 第二集,0,0,閨範 第二集 Total,498,,,D2,1,0,,,F賢慧D2498-1
兒童書籍,F,賢慧,閨範 第三集,0,0,閨範 第三集 Total,499,,,D2,1,0,,,F賢慧D2499-1
兒童書籍,F,賢慧,閨範 第四集,0,0,閨範 第四集 Total,500,,,D2,1,0,,,F賢慧D2500-1
兒童書籍,F,賢慧,金山活佛的故事,0,0,金山活佛的故事 Total,501,,,D2,1,0,,,F賢慧D2501-1
兒童書籍,F,賢慧,善有善報 第二集,0,0,善有善報 第二集 Total,502,,,D2,1,0,,,F賢慧D2502-1
兒童書籍,F,賢慧,把這一份情傳下去,一,0,把這一份情傳下去 (一) Total,503,一,,D2,1,0,,,F賢慧D2503一-1
兒童書籍,F,賢慧,把這一份情傳下去,二,0,把這一份情傳下去 (二) Total,504,二,,D2,1,0,,,F賢慧D2504二-1
兒童書籍,F,賢慧,朱子治家格言的故事,0,0,朱子治家格言的故事 Total,505,,,D2,1,0,,,F賢慧D2505-1
兒童書籍,F,賢慧,善良的孩子,0,0,善良的孩子 Total,506,,,D2,1,0,,,F賢慧D2506-1
兒童書籍,F,賢慧,佛教寓言故事選輯 第三集,三,0,佛教寓言故事選輯 第三集 Total,507,三,,D2,1,0,,,F賢慧D2507三-1
兒童書籍,F,賢慧,幼福兒童最佳安全守則指導書,0,0,幼福兒童最佳安全守則指導書 Total,508,,,D2,1,0,,,F賢慧D2508-1
兒童書籍,F,賢慧,新編三十六孝,0,0,新編三十六孝 Total,509,,,D2,1,0,,,F賢慧D2509-1
兒童書籍,F,賢慧,愈凈意的故事,0,0,愈凈意的故事 Total,510,,,D2,2,0,,,F賢慧D2510-2
兒童書籍,F,賢慧,律典故事精選集,0,0,律典故事精選集 Total,511,,,D2,1,0,,,F賢慧D2511-1
兒童書籍,F,賢慧,六祖大師惠能的故事,0,0,六祖大師惠能的故事 Total,512,,,D2,1,0,,,F賢慧D2512-1
兒童書籍,F,賢慧,佛陀的故事,0,0,佛陀的故事 Total,513,,,D2,1,0,,,F賢慧D2513-1
兒童書籍,F,賢慧,玄裝大師的故事,0,0,玄裝大師的故事 Total,514,,,D2,1,0,,,F賢慧D2514-1
仙佛聖訓/慈訓,G,賢慧,至德大帝墨寶集錦,0,0,至德大帝墨寶集錦 Total,515,,,D2,1,0,,,G賢慧D2515-1
雜類,Q,賢慧,六祖惠能畫傳,0,0,六祖惠能畫傳 Total,516,,,D2,3,0,,,Q賢慧D2516-3
修道故事,A,賢慧,The Enlightenment of Bodhisattva Kuan-Yin 觀世音菩薩的修行方法及證悟過程 ,0,中英,The Enlightenment of Bodhisattva Kuan-Yin 觀世音菩薩的修行方法及證悟過程 (中英) Total,517,,中英,D3,1,3,,,A賢慧D3517中英-1
修道故事,A,賢慧,聖哲傳燈錄 (繪圖八仙列傳),0,0,聖哲傳燈錄 (繪圖八仙列傳) Total,518,,,D3,5,8,,,A賢慧D3518-5
修道故事,A,賢慧,聖哲典範,0,中英,聖哲典範 (中英) Total,519,,中英,D3,8,10,,,A賢慧D3519中英-8
修道故事,A,賢慧,講師良伴,0,0,講師良伴 Total,520,,,D3,1,2,,,A賢慧D3520-1
經典,E,賢慧,學庸聖經淺言新註,0,0,學庸聖經淺言新註 Total,521,,,D3,1,0,,,E賢慧D3521-1
課題,J,賢慧,天道真理講義教材本,下,0,天道真理講義教材本 (下) Total,522,下,,D3,1,1,,,J賢慧D3522下-1
課題,J,賢慧,天道真理講義教材本,上,0,天道真理講義教材本 (上) Total,523,上,,D3,2,1,,,J賢慧D3523上-2
課題,J,賢慧,天道真理講義教材本,中,0,天道真理講義教材本 (中) Total,524,中,,D3,2,11,,,J賢慧D3524中-2
課題,J,賢慧,求道的真義（新版開示道義）,0,0,求道的真義（新版開示道義） Total,525,,,D3,5,23,,,J賢慧D3525-5
課題,J,賢慧,研究班專題,一,0,研究班專題 (一) Total,526,一,,D3,1,4,,,J賢慧D3526一-1
課題,J,賢慧,研究班專題,七,0,研究班專題 (七) Total,527,七,,D3,1,10,,,J賢慧D3527七-1
課題,J,賢慧,研究班專題,三,0,研究班專題 (三) Total,528,三,,D3,1,5,,,J賢慧D3528三-1
課題,J,賢慧,研究班專題,九,0,研究班專題 (九) Total,529,九,,D3,1,4,,,J賢慧D3529九-1
課題,J,賢慧,研究班專題,五,0,研究班專題 (五) Total,530,五,,D3,1,5,,,J賢慧D3530五-1
課題,J,賢慧,研究班專題,八,0,研究班專題 (八) Total,531,八,,D3,1,6,,,J賢慧D3531八-1
課題,J,賢慧,研究班專題,六,0,研究班專題 (六) Total,532,六,,D3,1,11,,,J賢慧D3532六-1
課題,J,賢慧,研究班專題,十,0,研究班專題 (十) Total,533,十,,D3,1,5,,,J賢慧D3533十-1
課題,J,賢慧,研究班專題,四,0,研究班專題 (四) Total,534,四,,D3,1,5,,,J賢慧D3534四-1
講師良伴,N,賢慧,持齋的真義,0,0,持齋的真義 Total,535,,,D3,5,0,,,N賢慧D3535-5
講師良伴,N,賢慧,一貫真傳之殊勝--三寶心法與一貫儀式之探討,0,0,一貫真傳之殊勝--三寶心法與一貫儀式之探討 Total,536,,,D3,5,24,,,N賢慧D3536三-5
講師良伴,N,賢慧,三天法會專題,一,0,三天法會專題 (一) Total,537,一,,D3,1,5,,,N賢慧D3537一-1
講師良伴,N,賢慧,三天法會專題,三,0,三天法會專題 (三) Total,538,三,,D3,1,5,,,N賢慧D3538三-1
講師良伴,N,賢慧,三天法會專題,二,0,三天法會專題 (二) Total,539,二,,D3,1,5,,,N賢慧D3539二-1
講師良伴,N,賢慧,三寶的真義（新版三寶範例）,0,0,三寶的真義（新版三寶範例） Total,540,,,D3,6,15,,,N賢慧D3540-6
講師良伴,N,賢慧,佛規禮節實務,三,0,佛規禮節實務 (三) Total,541,三,,D3,2,9,,,N賢慧D3541三-2
講師良伴,N,賢慧,佛規禮節實務,二,0,佛規禮節實務 (二) Total,542,二,,D3,2,8,,,N賢慧D3542二-2
講師良伴,N,賢慧,佛規禮節實務,五,0,佛規禮節實務 (五) Total,543,五,,D3,2,12,,,N賢慧D3543五-2
講師良伴,N,賢慧,佛規禮節實務,六,0,佛規禮節實務 (六) Total,544,六,,D3,1,10,,,N賢慧D3544六-1
講師良伴,N,賢慧,佛規禮節實務,四,0,佛規禮節實務 (四) Total,545,四,,D3,2,9,,,N賢慧D3545四-2
講師良伴,N,賢慧,佛規禮節實務,一,0,佛規禮節實務 (一) Total,546,一,,D3,2,11,,,N賢慧D3546一-2
講師良伴,N,賢慧,正法眼藏傳心印,0,0,正法眼藏傳心印 Total,547,,,D3,3,19,,,N賢慧D3547-3
講師良伴,N,賢慧,覺者的棒喝,一,0,覺者的棒喝  (一) Total,548,一,,D3,1,3,,,N賢慧D3548一-1
講師良伴,N,賢慧,覺者的棒喝,七,0,覺者的棒喝  (七) Total,549,七,,D3,1,3,,,N賢慧D3549七-1
講師良伴,N,賢慧,覺者的棒喝,三,0,覺者的棒喝  (三) Total,550,三,,D3,1,3,,,N賢慧D3550三-1
講師良伴,N,賢慧,覺者的棒喝,九,0,覺者的棒喝  (九) Total,551,九,,D3,1,3,,,N賢慧D3551九-1
講師良伴,N,賢慧,覺者的棒喝,二,0,覺者的棒喝  (二) Total,552,二,,D3,1,3,,,N賢慧D3552二-1
講師良伴,N,賢慧,覺者的棒喝,五,0,覺者的棒喝  (五) Total,553,五,,D3,1,3,,,N賢慧D3553五-1
講師良伴,N,賢慧,覺者的棒喝,八,0,覺者的棒喝  (八) Total,554,八,,D3,1,3,,,N賢慧D3554八-1
講師良伴,N,賢慧,覺者的棒喝,六,0,覺者的棒喝  (六) Total,555,六,,D3,1,2,,,N賢慧D3555六-1
講師良伴,N,賢慧,覺者的棒喝,十,0,覺者的棒喝  (十) Total,556,十,,D3,1,3,,,N賢慧D3556十-1
講師良伴,N,賢慧,覺者的棒喝,四,0,覺者的棒喝  (四) Total,557,四,,D3,1,3,,,N賢慧D3557四-1
道史道統,O,賢慧,天命明師的印證,0,0,天命明師的印證 Total,558,,,D3,3,18,,,O賢慧D3558-3
道史道統,O,賢慧,白陽聖佛錄,0,0,白陽聖佛錄 Total,559,,,D3,2,26,,,O賢慧D3559-2
道史道統,O,賢慧,碧海鉤沉回憶錄 (第二冊),0,0,碧海鉤沉回憶錄 (第二冊) Total,560,,,D3,2,0,,,O賢慧D3560-2
道史道統,O,賢慧,碧海鉤沉回憶錄 孫立人將軍功業與冤案真相紀實,0,0,碧海鉤沉回憶錄 孫立人將軍功業與冤案真相紀實 Total,561,,,D3,1,0,,,O賢慧D3561-1
修道故事,A,賢慧,Tao's Story 修道故事小品集,一,英,Tao's Story 修道故事小品集 (一) (英) Total,562,一,英,D4,1,2,,,A賢慧D4562一英-1
修道故事,A,賢慧,心 - 妙用無窮,0,0,心 - 妙用無窮 Total,563,,,D4,1,20,,,A賢慧D4563-1
修道故事,A,賢慧,逆境的祝福,0,0,逆境的祝福 Total,564,,,D4,1,0,,,A賢慧D4564-1
修道故事,A,賢慧,法拉第的故事,0,0,法拉第的故事 Total,565,,,D4,1,0,,,A賢慧D4565-1
修道故事,A,賢慧,繁華落畫見真淳,0,0,繁華落畫見真淳 Total,566,,,D4,1,0,,,A賢慧D4566-1
修道故事,A,賢慧,一條簡單的道路,0,0,一條簡單的道路 Total,567,,,D4,1,0,,,A賢慧D4567-1
修道故事,A,賢慧,這一生都是你的機會,0,0,這一生都是你的機會 Total,568,,,D4,1,0,,,A賢慧D4568-1
修道故事,A,賢慧,曠野的聲音,0,0,曠野的聲音 Total,569,,,D4,1,0,,,A賢慧D4569-1
修道故事,A,賢慧,幕永不落下,0,0,幕永不落下 Total,570,,,D4,1,0,,,A賢慧D4570-1
修道故事,A,賢慧,我那甚麼奉獻給你,0,0,我那甚麼奉獻給你 Total,571,,,D4,1,0,,,A賢慧D4571-1
修道故事,A,賢慧,小太陽,0,0,小太陽 Total,572,,,D4,1,0,,,A賢慧D4572-1
求道書,C,賢慧,大道見聞錄 Dai-Dao Kien-Van-Luc,0,越,大道見聞錄 Dai-Dao Kien-Van-Luc (越) Total,573,,越,D4,9,56,,,C賢慧D4573越-9
求道書,C,賢慧,For Beginners 道義初階,0,中英,For Beginners 道義初階 (中英) Total,574,,中英,D4,9,16,,,C賢慧D4574中英-9
求道書,C,賢慧,Introduction to Dao  先天大道簡介,0,中英,Introduction to Dao  先天大道簡介 (中英) Total,575,,中英,D4,1,2,,,C賢慧D4575中英-1
求道書,C,賢慧,Introduction to The Three Treasures of Tao 三寶介紹,0,英,Introduction to The Three Treasures of Tao 三寶介紹 (英) Total,576,,英,D4,1,2,,,C賢慧D4576英-1
求道書,C,賢慧,TAM PHAP TAM-BAO 三寶心法,0,越,TAM PHAP TAM-BAO 三寶心法 (越) Total,577,,越,D4,10,6,,,C賢慧D4577越-10
求道書,C,賢慧,Tao Cultivation 修道入門,0,英,Tao Cultivation 修道入門 (英) Total,578,,英,D4,1,2,,,C賢慧D4578英-1
求道書,C,賢慧,The Great Tao  天道,0,英,The Great Tao  天道 (英) Total,579,,英,D4,1,2,,,C賢慧D4579英-1
求道書,C,賢慧,Three Divine Treasures of Tao 三寶的殊勝,0,英,Three Divine Treasures of Tao 三寶的殊勝 (英) Total,580,,英,D4,1,2,,,C賢慧D4580英-1
經典,E,賢慧,太上感應篇  Thai-Thuong Cam Ung Thien  (光慧),0,越,太上感應篇  Thai-Thuong Cam Ung Thien (光慧) Total,581,,越,D4,5,0,,,E賢慧D4581越-5
仙佛聖訓/慈訓,G,賢慧,皇中訓子十誡 (光慧),0,中越,皇中訓子十誡 (光慧) 中越 Total,582,,中越,D4,9,0,,,G賢慧D4582中越-9
仙佛聖訓/慈訓,G,賢慧,皇中訓子十誡 (淺橙色面),0,中越,皇中訓子十誡 (淺橙色面) 中越 Total,583,,中越,D4,1,0,,,G賢慧D4583中越-1
仙佛聖訓/慈訓,G,賢慧,皇中訓子十誡,0,越,皇中訓子十誡 (越) Total,584,,越,D4,1,23,,,G賢慧D4584越-1
仙佛聖訓/慈訓,G,賢慧,皇中訓子十誡彩繪全集,0,0,皇中訓子十誡彩繪全集 Total,585,,,D4,2,2,,,G賢慧D4585-2
素食,H,賢慧,The Joy of Vegetarianism--A Wonder Diet 喜樂素食養生健心,0,英,The Joy of Vegetarianism--A Wonder Diet 喜樂素食養生健心 (英) Total,586,,英,D4,3,3,,,H賢慧D4586英-3
素食,H,賢慧,Vegetarianism The Perfect Way to a Healthy & Peaceful Life  素食之道,0,英,Vegetarianism The Perfect Way to a Healthy & Peaceful Life  素食之道 (英) Total,587,,英,D4,1,2,,,H賢慧D4587英-1
課題,J,賢慧,A Bilingual Reference Manual To Dao Propagation  英文傳題參考手冊基礎篇 ,0,中英,A Bilingual Reference Manual To Dao Propagation  英文傳題參考手冊基礎篇 (中英) Total,588,,中英,D4,3,8,,,J賢慧D4588中英-3
工具字典,L,賢慧,越文基礎道學辭會,0,0,越文基礎道學辭會 Total,589,,,D4,8,20,,,L賢慧D4589-8
道學常識,M,賢慧,九陽關帶業歸天殊勝,0,0,九陽關帶業歸天殊勝 Total,590,,,D4,1,5,,,M賢慧D4590-1
道學常識,M,賢慧,修道入門指引,0,中英,修道入門指引 (中英) Total,591,,中英,D4,5,0,,,M賢慧D4591中英-5
道學常識,M,賢慧,認理歸真,0,中英,認理歸真 (中英) Total,592,,中英,D4,2,20,,,M賢慧D4592中英-2
講師良伴,N,賢慧,修辦操持參考手冊,0,中英,修辦操持參考手冊 (中英)Total,593,,中英,D4,3,5,,,N賢慧D4593中英-3
道史道統,O,賢慧,大道與五教真理淺釋 (英文道義叢書),0,英,大道與五教真理淺釋 (英文道義叢書) (英) Total,594,,英,D4,1,0,,,O賢慧D4594英-1
道史道統,O,賢慧,白陽祖師略傳,0,越,白陽祖師略傳 (越) Total,595,,越,D4,10,24,,,O賢慧D4595越-10
道德,P,賢慧,綱常倫理從德合編,0,中英,綱常倫理從德合編 (中英) Total,596,,中英,D4,5,17,,,P賢慧D4596中英-5
雜類,Q,賢慧,觸動孝的心靈樂章,0,中英,觸動孝的心靈樂章 (中英) Total,597,,中英,D4,2,29,,,Q賢慧D4597中英-2
雜類,Q,賢慧,這樣生活最健康,0,0,這樣生活最健康 Total,598,,,D4,1,0,,,Q賢慧D4598-1
雜類,Q,賢慧,擊退萬病從下半身開始,0,0,擊退萬病從下半身開始 Total,599,,,D4,1,0,,,Q賢慧D4599-1
仙佛聖訓/慈訓,G,賢慧,天恩宮講師法會訓文,0,0,天恩宮講師法會訓文 Total,600,,,A2,2,0,,,G賢慧A2600-2
修道故事,A,賢慧,愿力與業力范講師游天堂,0,0,愿力與業力范講師游天堂 Total,601,,,A2,1,42,,,A賢慧A2601-1
修道故事,A,賢慧,八仙故事新編,0,0,八仙故事新編 Total,602,,,A2,5,14,,,A賢慧A2602-5
仙佛聖訓/慈訓,G,賢慧,一條金線 附注解,0,0,一條金線 附注解 Total,603,,,A2,3,0,,,G賢慧A2603-3
仙佛聖訓/慈訓,G,賢慧,惻隱之心 (白水老人題),0,0,惻隱之心 (白水老人題) Total,604,,,B1,3,0,,,G賢慧B1604-3
仙佛聖訓/慈訓,G,賢慧,白水老人箴言集（甲子年）,0,0,白水老人箴言集（甲子年）Total,605,,,B1,1,0,,,G賢慧B1605-1
修道故事,A,賢慧,心潮隨筆 良言一句三冬暖 5,0,0,心潮隨筆 良言一句三冬暖 5 Total,606,,,A3,2,0,,,A賢慧A3606-2
兒童書籍,F,賢慧,誰是蘿蕾特？,0,0,誰是蘿蕾特？ Total,607,,,D2,1,0,,,F賢慧D2607-1
結緣訓,D,賢慧,忍和大仙結緣訓 甲戌年孟冬,0,0,忍和大仙結緣訓 甲戌年孟冬 Total,608,,,A4,2,0,,,D賢慧A4608-2
仙佛聖訓/慈訓,G,賢慧,仙佛慈訓--耕耘心田,0,0,仙佛慈訓--耕耘心田 Total,609,,,C2,4,167,,,G賢慧C2609-4
仙佛聖訓/慈訓,G,賢慧,仙佛聖訓集錦（天恩至德聖道院）美加地區法會（硬皮版）,0,0,仙佛聖訓集錦（天恩至德聖道院）美加地區法會（硬皮版）Total,610,,,C3,3,114,,,G賢慧C3610-3
仙佛聖訓/慈訓,G,賢慧,天然師尊叮嚀心語 末後俢辦指南,0,0,天然師尊叮嚀心語 (末後俢辦指南) Total,611,,,C1,5,0,,,G賢慧C1611-5
兒童書籍,F,賢慧,月亮在唱歌,0,0,月亮在唱歌 Total,612,,,D1,1,0,,,F賢慧D1612-1
歌書,R,賢慧,立德班光碟 14 碟 (一套一合),0,0,立德班光碟 14 碟 (一套一合) Total,613,,,D1,1,0,,,R賢慧D1613-1